"X","X2014","X2015","X2016","X2017","X2018","X2019","X2020","X2021","X2022","Min","Q1","Median","Mean","Q3","Max","StDev","Year.count"
"01-Nov",NA,8.533789,10.00667,7.606146,9.435532,9.242418,10.66417,9.005684,9.13916666666667,7.606146,8.7697365,9.242418,9.213487,9.721101,10.66417,0.989316091302303,7
"02-Nov",NA,8.870526,10.02253,7.763542,9.339063,9.301915,10.82453,9.085,9.11115789473684,7.763542,8.977763,9.301915,9.31530085714286,9.6807965,10.82453,0.951972355676086,7
"03-Nov",NA,8.718958,10.04844,7.929167,9.30875,9.707083,10.878,9.173646,9.12479166666667,7.929167,8.946302,9.30875,9.39486342857143,9.8777615,10.878,0.947435514726967,7
"04-Nov",NA,8.891979,10.18073,8.027917,9.355208,9.788817,10.90674,9.26125,9.22827956989247,8.027917,9.0766145,9.355208,9.48752014285714,9.9847735,10.90674,0.925501663355506,7
"05-Nov",NA,9.340729,10.30115,8.055729,9.469583,9.403684,11.07938,9.343854,9.21208791208791,8.055729,9.3422915,9.403684,9.570587,9.8853665,11.07938,0.935171494687828,7
"06-Nov",NA,9.763125,10.44698,8.048646,9.693333,9.146702,11.12174,9.253125,9.02347368421053,8.048646,9.1999135,9.693333,9.639093,10.1050525,11.12174,0.982360363250676,7
"07-Nov",NA,9.844479,10.49396,8.072604,10.05625,9.260417,10.602,8.753229,9.2225,8.072604,9.006823,9.844479,9.583277,10.275105,10.602,0.934025445369308,7
"08-Nov",NA,10.13333,10.49052,8.084271,10.04635,9.412708,10.73302,8.402396,9.45042105263158,8.084271,8.907552,10.04635,9.61465642857143,10.311925,10.73302,1.02678249574676,7
"09-Nov",NA,10.07948,10.40579,8.094167,10.08448,9.532737,10.91305,9.291875,9.22288461538461,8.094167,9.412306,10.07948,9.77165414285714,10.245135,10.91305,0.912757918322529,7
"10-Nov",NA,10.41469,10.49223,8.089063,10.05875,9.578958,9.999895,9.521562,NA,8.089063,9.55026,9.999895,9.73644971428571,10.23672,10.49223,0.815409710350307,7
"11-Nov",NA,10.73552,10.57355,8.049792,9.706042,9.741684,10.0384,9.698333,NA,8.049792,9.7021875,9.741684,9.791903,10.305975,10.73552,0.877092354203174,7
"12-Nov",NA,11.06208,10.70394,7.992604,9.902917,9.808421,10.33094,9.835104,9.6272,7.992604,9.8217625,9.902917,9.94800085714286,10.51744,11.06208,0.98464006717826,7
"13-Nov",NA,10.89575,10.7629,7.991875,10.60421,9.760938,9.456211,9.955368,9.468,7.991875,9.6085745,9.955368,9.91817885714286,10.683555,10.89575,1.00747261733548,7
"14-Nov",NA,NA,10.83927,7.965104,10.54156,9.785625,9.51625,10.08437,9.44515789473684,7.965104,9.58359375,9.9349975,9.7886965,10.4272625,10.83927,1.0156433510507,6
"15-Nov",NA,NA,10.79365,7.882083,10.63427,9.80875,9.25828,9.969792,9.61114583333333,7.882083,9.3958975,9.889271,9.72447083333333,10.4681505,10.79365,1.06300431686319,6
"16-Nov",NA,NA,10.85011,7.815789,10.36021,9.793542,9.391562,10.00883,9.63385416666667,7.815789,9.492057,9.901186,9.7033405,10.272365,10.85011,1.04957843628645,6
"17-Nov",NA,NA,10.95865,8.255104,10.63667,9.301979,8.818,10.10684,9.83322916666667,8.255104,8.93899475,9.7044095,9.6795405,10.5042125,10.95865,1.06288540468063,6
"18-Nov",NA,NA,11.09854,8.412083,10.50458,9.514688,8.705208,9.351354,9.92578947368421,8.412083,8.8667445,9.433021,9.59774216666667,10.257107,11.09854,1.03390125388693,6
"19-Nov",NA,NA,11.1825,8.369792,10.52385,9.129368,8.229583,9.566915,9.78789473684211,8.229583,8.559686,9.3481415,9.50033466666667,10.28461625,11.1825,1.17577630306886,6
"20-Nov",NA,NA,11.405,8.3525,10.60915,9.248737,8.804737,9.387766,10.000625,8.3525,8.915737,9.3182515,9.63464833333333,10.303804,11.405,1.15120233978023,6
"21-Nov",NA,NA,11.35854,8.231979,10.30344,9.067083,9.770632,9.248542,10.0727659574468,8.231979,9.11244775,9.509587,9.66336933333333,10.170238,11.35854,1.0836343222024,6
"22-Nov",NA,NA,11.26708,8.335833,10.01562,8.819792,10.3672,8.564632,10.2308510638298,8.335833,8.628422,9.417706,9.56169283333333,10.279305,11.26708,1.16709181637683,6
"23-Nov",NA,NA,11.22292,8.369792,10.33729,8.823854,10.19979,8.575495,10.1885263157895,8.369792,8.63758475,9.511822,9.58819016666667,10.302915,11.22292,1.15773934140849,6
"24-Nov",NA,NA,11.06323,8.485104,10.51625,9.17,9.958854,8.290417,10.2980208333333,8.290417,8.656328,9.564427,9.5806425,10.376901,11.06323,1.11803262354759,6
"25-Nov",NA,NA,11.08646,8.565521,10.40833,8.520625,9.642737,7.887396,10.3682105263158,7.887396,8.531849,9.104129,9.35184483333333,10.21693175,11.08646,1.23802349768418,6
"26-Nov",NA,NA,11.12552,8.556875,10.23365,8.701979,9.583021,7.963542,10.2867708333333,7.963542,8.593151,9.1425,9.3607645,10.07099275,11.12552,1.17967422625143,6
"27-Nov",NA,NA,11.17615,8.500312,10.47063,8.663895,9.62883,7.825109,10.2303125,7.825109,8.54120775,9.1463625,9.37748766666667,10.26018,11.17615,1.27920682359322,6
"28-Nov",NA,NA,11.1499,8.561042,10.34547,8.32266,9.414842,7.726,10.0155789473684,7.726,8.3822555,8.987942,9.253319,10.112813,11.1499,1.30337868040428,6
"29-Nov",NA,NA,11.15469,8.689158,9.759167,7.804271,9.201458,7.657083,9.76604166666667,7.657083,8.02549275,8.945308,9.0443045,9.61973975,11.15469,1.30978228593347,6
"30-Nov",NA,NA,11.14594,8.756667,9.923646,8.121042,9.027053,7.474687,8.9886170212766,7.474687,8.27994825,8.89186,9.07483916666667,9.69949775,11.14594,1.31024156086905,6
"01-Dec",NA,NA,11.20146,8.813125,9.941875,8.172632,8.886979,7.320426,8.7241052631579,7.320426,8.33275525,8.850052,9.05608283333333,9.678151,11.20146,1.36146139005282,6
"02-Dec",NA,NA,11.13333,8.826354,9.901875,8.164211,8.836562,7.105521,8.37302083333333,7.105521,8.32974675,8.831458,8.99464216666667,9.63554675,11.13333,1.39346776162054,6
"03-Dec",NA,NA,11.03833,8.763229,9.835729,8.223958,9.121579,6.945699,8.07638297872341,6.945699,8.35877575,8.942404,8.98808733333333,9.6571915,11.03833,1.39611005473246,6
"04-Dec",NA,NA,10.92537,8.665521,9.719167,8.158842,8.902292,6.933333,8.18489583333333,6.933333,8.28551175,8.7839065,8.8840875,9.51494825,10.92537,1.35968517601756,6
"05-Dec",NA,NA,10.99188,8.934896,9.649062,7.574896,8.753542,6.940625,9.5089247311828,6.940625,7.8695575,8.844219,8.8074835,9.4705205,10.99188,1.4493735664508,6
"06-Dec",NA,NA,10.97521,8.751979,9.517917,7.457684,9.026042,7.013438,10.400625,7.013438,7.78125775,8.8890105,8.79037833333333,9.39494825,10.97521,1.43481043556822,6
"07-Dec",NA,NA,10.77031,8.646354,9.662812,7.16234,9.210104,6.836526,10.401170212766,6.836526,7.5333435,8.928229,8.714741,9.549635,10.77031,1.50412128961504,6
"08-Dec",NA,NA,10.76437,8.573789,9.591354,7.153542,9.232812,6.838526,10.343125,6.838526,7.50860375,8.9033005,8.69239883333333,9.5017185,10.76437,1.49747951078556,6
"09-Dec",NA,NA,10.71344,8.440521,9.670208,7.101354,9.624737,6.900105,9.24957894736842,6.900105,7.43614575,9.032629,8.7417275,9.65884025,10.71344,1.52987293631056,6
"10-Dec",NA,NA,10.62874,8.390833,9.498021,7.221875,9.508958,6.778842,9.30242105263158,6.778842,7.5141145,8.944427,8.6712115,9.50622375,10.62874,1.48172883442886,6
"11-Dec",NA,NA,10.7149,8.42875,9.314375,7.298632,9.409263,6.830417,9.48382978723404,6.830417,7.5811615,8.8715625,8.66605616666667,9.385541,10.7149,1.44680122882716,6
"12-Dec",NA,NA,10.73073,8.433125,9.284364,7.242771,9.777579,6.87,9.83572916666667,6.87,7.5403595,8.8587445,8.72309483333333,9.65427525,10.73073,1.49445378080039,6
"13-Dec",NA,NA,10.64219,8.42625,9.236429,7.216471,9.628404,6.790211,8.964375,6.790211,7.51891575,8.8313395,8.65665916666667,9.53041025,10.64219,1.471979134989,6
"14-Dec",NA,NA,10.5999,8.399024,9.317604,7.185957,8.848065,6.716458,8.08322916666667,6.716458,7.48922375,8.6235445,8.511168,9.20021925,10.5999,1.42241937795335,6
"15-Dec",NA,NA,10.69583,9.6575,9.098854,7.388958,8.8075,6.940104,7.25287234042553,6.940104,7.7435935,8.953177,8.764791,9.5178385,10.69583,1.40439753750211,6
"16-Dec",NA,NA,10.69198,9.758958,8.994167,7.281354,8.784255,6.866146,7.05333333333333,6.866146,7.65707925,8.889211,8.72947666666667,9.56776025,10.69198,1.4528161080084,6
"17-Dec",NA,NA,10.86167,9.911563,8.945729,7.225529,8.491474,6.846667,7.21852631578947,6.846667,7.54201525,8.7186015,8.713772,9.6701045,10.86167,1.53963228446353,6
"18-Dec",NA,NA,10.7101,10.00583,8.932708,7.435532,8.524896,6.84125,7.32378947368421,6.84125,7.707873,8.728802,8.74171933333333,9.7375495,10.7101,1.47471328005557,6
"19-Dec",NA,NA,10.66344,9.966354,8.861458,7.486333,8.346737,6.765895,7.52378947368421,6.765895,7.701434,8.6040975,8.68170283333333,9.69013,10.66344,1.47114605256683,6
"20-Dec",NA,NA,10.67833,9.914792,8.73,7.359412,8.082812,6.655914,7.58436170212766,6.655914,7.540262,8.406406,8.57021,9.618594,10.67833,1.52615342060017,6
"21-Dec",NA,NA,10.54448,9.949271,8.525729,7.652391,8.201979,6.788211,7.68531914893617,6.788211,7.789788,8.363854,8.6103435,9.5933855,10.54448,1.41034548031122,6
"22-Dec",NA,NA,10.47656,9.881979,8.333333,7.68125,8.045521,6.880625,7.55776595744681,6.880625,7.77231775,8.189427,8.549878,9.4948175,10.47656,1.3659271213496,6
"23-Dec",NA,NA,10.54453,9.771667,8.124271,7.552604,7.954688,6.938854,7.56166666666667,6.938854,7.653125,8.0394795,8.48110233333333,9.359818,10.54453,1.38335610902423,6
"24-Dec",NA,NA,10.57771,9.646979,8.121146,7.689896,7.779579,6.882421,7.74572916666667,6.882421,7.71231675,7.9503625,8.44962183333333,9.26552075,10.57771,1.38221409304744,6
"25-Dec",NA,NA,10.65062,9.65625,7.9975,7.721563,7.741667,6.805729,7.57510638297872,6.805729,7.726589,7.8695835,8.42888816666667,9.2415625,10.65062,1.43079227445208,6
"26-Dec",NA,NA,10.79354,9.778333,7.904271,9.030421,7.810521,6.784421,7.66234042553191,6.784421,7.8339585,8.467346,8.6835845,9.591355,10.79354,1.46608822749598,6
"27-Dec",NA,NA,10.80646,9.724583,7.854479,9.379462,7.70234,6.953474,7.55229166666667,6.953474,7.74037475,8.6169705,8.73679966666667,9.63830275,10.80646,1.46294714038815,6
"28-Dec",NA,NA,10.58708,9.747708,7.735208,8.415161,7.688421,6.885625,7.49572916666667,6.885625,7.70011775,8.0751845,8.50986716666667,9.41457125,10.58708,1.39778865261146,6
"29-Dec",NA,NA,10.64448,9.772917,7.771667,7.712935,7.726702,6.684062,7.36787234042553,6.684062,7.71637675,7.7491845,8.3854605,9.2726045,10.64448,1.49572439083472,6
"30-Dec",NA,NA,10.74917,9.644167,7.675104,7.404792,7.697158,6.691354,7.51770833333333,6.691354,7.47237,7.686131,8.31029083333333,9.15741475,10.74917,1.54580956198652,6
"31-Dec",NA,NA,10.74062,9.631979,7.513021,7.407188,7.395313,6.784105,7.29333333333333,6.784105,7.39828175,7.4601045,8.245371,9.1022395,10.74062,1.56497498432237,6
"01-Jan",NA,NA,10.74563,9.455,7.470521,7.305895,7.279375,6.902447,7.19385416666667,6.902447,7.286005,7.388208,8.19314466666667,8.95888025,10.74563,1.54387387206529,6
"02-Jan",NA,NA,10.76115,9.499271,7.411875,7.410645,7.280104,6.966354,7.02802083333333,6.966354,7.31273925,7.41126,8.2215665,8.977422,10.76115,1.53994267465964,6
"03-Jan",NA,NA,10.71094,9.57875,7.334583,7.342211,7.397128,6.949583,7.03808510638298,6.949583,7.33649,7.3696695,8.21886583333333,9.0333445,10.71094,1.5424999450748,6
"04-Jan",NA,NA,10.57677,9.564479,7.393646,7.499271,7.270737,6.870833,6.99020833333333,6.870833,7.30146425,7.4464585,8.195956,9.048177,10.57677,1.50214400058982,6
"05-Jan",NA,NA,10.52719,9.564479,7.550937,7.41234,7.320526,7.111739,6.84136842105263,7.111739,7.3434795,7.4816385,8.2478685,9.0610935,10.52719,1.43271388994129,6
"06-Jan",NA,NA,10.52375,9.601042,7.526979,7.478125,7.315158,6.781458,6.63625,6.781458,7.35589975,7.502552,8.20441866666667,9.08252625,10.52375,1.49210476531424,6
"07-Jan",NA,NA,10.57708,9.617083,7.456979,7.547368,7.245312,6.945208,6.71536842105263,6.945208,7.29822875,7.5021735,8.231505,9.09965425,10.57708,1.49108142229806,6
"08-Jan",NA,NA,10.65583,9.530833,7.476421,7.402553,7.216421,6.965937,6.7553125,6.965937,7.262954,7.439487,8.20799916666667,9.01723,10.65583,1.51338435085373,6
"09-Jan",NA,NA,10.67031,9.358125,7.365729,6.956559,7.284421,7.031042,6.62244680851064,6.956559,7.09438675,7.325075,8.111031,8.860026,10.67031,1.53903173761206,6
"10-Jan",NA,NA,10.74729,9.422292,7.345263,6.897158,7.218936,6.986211,6.53073684210526,6.897158,7.04439225,7.2820995,8.10285833333333,8.90303475,10.74729,1.59936287200231,6
"11-Jan",NA,NA,10.78156,9.350729,7.64625,7.057447,7.184211,6.92,6.3878947368421,6.92,7.089138,7.4152305,8.1566995,8.92460925,10.78156,1.56586547174842,6
"12-Jan",NA,NA,10.74448,9.54375,8.129895,6.920745,6.953958,6.968495,7.0321875,6.920745,6.95759225,7.549195,8.2102205,9.19028625,10.74448,1.61183430153459,6
"13-Jan",NA,NA,10.54593,9.601979,7.592292,7.047187,6.939474,6.863263,8.22583333333333,6.863263,6.96640225,7.3197395,8.09835416666667,9.09955725,10.54593,1.57993796452993,6
"14-Jan",NA,NA,10.54396,9.603646,7.561875,7.05828,7.018298,6.828842,6.9209375,6.828842,7.0282935,7.3100775,8.1024835,9.09320325,10.54396,1.57445455444579,6
"15-Jan",NA,NA,10.57083,9.555417,7.550625,7.121368,7.064316,6.920737,6.81127659574468,6.920737,7.078579,7.3359965,8.13054883333333,9.054219,10.57083,1.54534631707943,6
"16-Jan",NA,NA,10.55073,9.590521,7.506042,6.818404,7.084362,6.971702,6.98635416666667,6.818404,6.999867,7.295202,8.08696016666667,9.06940125,10.55073,1.5828178352324,6
"17-Jan",NA,NA,10.61884,9.576771,7.452187,7.015957,6.900938,6.927083,7.26810526315789,6.900938,6.9493015,7.234072,8.08196266666667,9.045625,10.61884,1.60821331528062,6
"18-Jan",NA,NA,10.61125,9.515521,7.238229,7.100737,6.911368,6.798021,7.03212765957447,6.798021,6.95871025,7.169483,8.02918766666667,8.946198,10.61125,1.62044198242969,6
"19-Jan",NA,NA,10.68938,9.350105,7.109271,7.050106,6.636458,6.841809,7.27369565217391,6.636458,6.89388325,7.0796885,7.94618816666667,8.7898965,10.68938,1.66940252521115,6
"20-Jan",NA,NA,10.72635,9.316042,7.430729,7.277188,7.260833,6.849615,7.14094736842105,6.849615,7.26492175,7.3539585,8.1434595,8.84471375,10.72635,1.533476263939,6
"21-Jan",NA,NA,10.78208,9.264062,8.479167,7.226437,7.729167,6.702222,7.04510869565217,6.702222,7.3521195,8.104167,8.36385583333333,9.06783825,10.78208,1.49191517463768,6
"22-Jan",NA,NA,10.78458,9.395521,9.979583,7.089059,7.871771,6.584421,6.9934375,6.584421,7.284737,8.633646,8.61748916666667,9.8335675,10.78458,1.68418979650091,6
"23-Jan",NA,NA,10.63615,9.291458,10.07396,7.069891,7.956596,6.67375,7.08126315789474,6.67375,7.29156725,8.624027,8.6169675,9.8783345,10.63615,1.62852651284058,6
"24-Jan",NA,NA,10.55073,9.303125,10.03552,7.030957,7.865895,6.747187,7.06715789473684,6.747187,7.2396915,8.58451,8.58890233333333,9.85242125,10.55073,1.59958951731595,6
"25-Jan",NA,NA,10.77063,9.476458,9.839063,7.146559,7.780105,6.535104,6.84202127659574,6.535104,7.3049455,8.6282815,8.59131983333333,9.74841175,10.77063,1.67708987899843,6
"26-Jan",NA,NA,10.74,9.5275,8.600625,7.005625,7.764632,8.338936,6.696875,7.005625,7.908208,8.4697805,8.66288633333333,9.29578125,10.74,1.32092045508042,6
"27-Jan",NA,NA,10.85344,9.5775,7.306875,6.994105,7.742813,8.465729,6.66916666666667,6.994105,7.4158595,8.104271,8.490077,9.29955725,10.85344,1.48086926898265,6
"28-Jan",NA,NA,10.7424,9.565,8.751354,7.399355,7.777396,8.349684,7.02583333333333,7.399355,7.920468,8.550519,8.76419816666667,9.3615885,10.7424,1.22988848457027,6
"29-Jan",NA,NA,10.58333,9.551596,9.7775,7.184043,7.774896,7.985,6.9996875,7.184043,7.827422,8.768298,8.80939416666667,9.721024,10.58333,1.343615973452,6
"30-Jan",NA,NA,10.58115,9.419479,9.627917,7.065714,7.739479,8.057158,6.81768421052632,7.065714,7.81889875,8.7383185,8.74848283333333,9.5758075,10.58115,1.33491864623001,6
"31-Jan",NA,NA,10.56854,9.268333,9.662917,7.019787,7.708854,8.220521,6.44135416666667,7.019787,7.83677075,8.744427,8.741492,9.564271,10.56854,1.3241382097893,6
"01-Feb",NA,NA,10.51042,9.359063,9.747396,6.980889,7.601647,8.141771,6.37448979591837,6.980889,7.736678,8.750417,8.723531,9.65031275,10.51042,1.36228061035823,6
"02-Feb",NA,NA,10.51094,9.307396,9.645104,6.829011,7.560745,8.137813,NA,6.829011,7.705012,8.7226045,8.66516816666667,9.560677,10.51094,1.38916749398097,6
"03-Feb",NA,NA,10.60073,9.278438,9.515,6.752447,7.635053,7.888646,6.73127659574468,6.752447,7.69845125,8.583542,8.611719,9.4558595,10.60073,1.42479464884677,6
"04-Feb",NA,NA,10.58771,9.199583,9.523438,6.789255,7.692447,7.878421,6.56,6.789255,7.7389405,8.539002,8.611809,9.44247425,10.58771,1.39896518891801,6
"05-Feb",NA,NA,10.62083,9.185579,9.437604,7.170526,7.720968,7.763789,6.45168421052632,7.170526,7.73167325,8.474684,8.64988266666667,9.37459775,10.62083,1.31367038807879,6
"06-Feb",NA,NA,10.53667,9.106563,9.497813,6.990526,7.724421,7.605521,6.45446808510638,6.990526,7.635246,8.415492,8.576919,9.4000005,10.53667,1.35323332598854,6
"07-Feb",NA,NA,10.59635,9.080625,9.482292,6.936979,7.774149,7.739271,6.38705263157895,6.936979,7.7479905,8.427387,8.601611,9.38187525,10.59635,1.3552387573078,6
"08-Feb",NA,NA,10.58969,9.204688,9.384167,6.794086,7.75382,7.741875,6.60074468085106,6.794086,7.74486125,8.479254,8.57805433333333,9.33929725,10.58969,1.38926358672797,6
"09-Feb",NA,NA,10.48792,9.084687,9.393437,6.782917,7.641183,7.731979,7.06136842105263,6.782917,7.663882,8.408333,8.52035383333333,9.3162495,10.48792,1.36859239665934,6
"10-Feb",NA,NA,10.42885,9.116875,9.395625,6.955625,7.502921,7.604375,7.6746875,6.955625,7.5282845,8.360625,8.50071183333333,9.3259375,10.42885,1.34792752045508,6
"11-Feb",NA,NA,10.38406,9.300313,9.320312,6.90914,7.488764,7.59375,7.85765957446809,6.90914,7.5150105,8.4470315,8.49938983333333,9.31531225,10.38406,1.35925092421442,6
"12-Feb",NA,NA,10.40368,9.399375,9.283854,6.914632,7.496848,7.673646,7.73778947368421,6.914632,7.5410475,8.47875,8.5286725,9.37049475,10.40368,1.35977453400536,6
"13-Feb",NA,NA,10.3774,9.351146,8.557292,6.819032,7.521398,7.631042,7.64968421052632,6.819032,7.548809,8.094167,8.37621833333333,9.1526825,10.3774,1.31900223940336,6
"14-Feb",NA,NA,10.16863,9.363646,7.529375,6.897872,7.492706,7.546979,7.63404255319149,6.897872,7.50187325,7.538177,8.16653466666667,8.90947925,10.16863,1.28800877069151,6
"15-Feb",NA,NA,10.25638,9.336737,NA,6.868125,7.477872,7.461789,7.719375,6.868125,7.461789,7.477872,8.2801806,9.336737,10.25638,1.44300384727633,5
"16-Feb",NA,NA,10.25917,9.226667,8.25825,7.137789,7.540213,7.493474,7.8321875,7.137789,7.50515875,7.8992315,8.3192605,8.98456275,10.25917,1.2062396910808,6
"17-Feb",NA,NA,10.19053,9.180312,8.167396,7.153511,7.644118,7.457813,7.66822916666667,7.153511,7.50438925,7.905757,8.29894666666667,8.927083,10.19053,1.16794924804183,6
"18-Feb",NA,NA,10.01031,9.083542,8.035833,7.08413,7.615824,7.316,7.71104166666667,7.08413,7.390956,7.8258285,8.19093983333333,8.82161475,10.01031,1.13597627632877,6
"19-Feb",NA,NA,10.2051,9.098021,8.168229,7.098542,7.60383,7.337813,7.56431578947368,7.098542,7.40431725,7.8860295,8.2519225,8.865573,10.2051,1.19362441869103,6
"20-Feb",NA,NA,10.22135,9.173229,8.174583,7.413226,7.532553,7.285833,7.54863157894737,7.285833,7.44305775,7.853568,8.300129,8.9235675,10.22135,1.17249492636497,6
"21-Feb",NA,NA,10.31563,9.231875,8.117708,7.99375,7.518462,7.513958,7.71885416666667,7.513958,7.637284,8.055729,8.44856383333333,8.95333325,10.31563,1.10945131881023,6
"22-Feb",NA,NA,10.35229,9.155306,8.113646,7.842604,7.454333,7.387419,7.86778947368421,7.387419,7.55140075,7.978125,8.38426633333333,8.894891,10.35229,1.15695577951081,6
"23-Feb",NA,NA,10.3649,9.048889,8.096562,7.860211,7.456556,7.372632,7.6841935483871,7.372632,7.55746975,7.9783865,8.366625,8.81080725,10.3649,1.14928012020534,6
"24-Feb",NA,NA,10.3626,9.217187,8.182187,7.863021,7.484535,7.342105,7.64884210526316,7.342105,7.5791565,8.022604,8.40860583333333,8.958437,10.3626,1.16723227657779,6
"25-Feb",NA,NA,10.28771,9.182292,8.063021,7.785053,7.729063,7.329479,7.87572916666667,7.329479,7.7430605,7.924037,8.396103,8.90247425,10.28771,1.11921624598377,6
"26-Feb",NA,NA,10.29417,9.120313,7.939167,7.864063,7.738617,8.049789,7.88915789473684,7.738617,7.882839,7.994478,8.50101983333333,8.852682,10.29417,1.01046241944734,6
"27-Feb",NA,NA,10.21365,9.050937,8.070312,7.92734,7.744737,8.766875,7.81747368421053,7.744737,7.963083,8.4185935,8.62897516666667,8.9799215,10.21365,0.926772470081717,6
"28-Feb",NA,NA,10.18573,9.132917,8.068125,7.858421,7.546344,8.961684,7.69031914893617,7.546344,7.910847,8.5149045,8.62553683333333,9.09010875,10.18573,0.986758743939655,6
"01-Mar",NA,NA,10.27458,7.50875,7.999167,7.885104,7.406237,8.969167,7.61126315789474,7.406237,7.6028385,7.9421355,8.34050083333333,8.726667,10.27458,1.09767361202307,6
"02-Mar",NA,NA,10.25302,6.831771,7.848542,8.048333,7.465684,8.962083,7.70666666666667,6.831771,7.5613985,7.9484375,8.2349055,8.7336455,10.25302,1.21211777023996,6
"03-Mar",NA,NA,10.28385,7.074792,7.902188,8.336562,7.810526,8.830526,7.70364583333333,7.074792,7.8334415,8.119375,8.373074,8.707035,10.28385,1.10321261862326,6
"04-Mar",NA,NA,10.28604,7.236458,7.987188,8.102842,8.237604,8.820937,7.41229166666667,7.236458,8.0161015,8.170223,8.44517816666667,8.67510375,10.28604,1.03547163263866,6
"05-Mar",NA,NA,10.19271,7.101146,8.088842,8.058947,8.296354,8.90625,7.5690625,7.101146,8.06642075,8.192598,8.44070816666667,8.753776,10.19271,1.03644159835514,6
"06-Mar",NA,NA,10.00563,7.048854,8.076562,7.617292,8.183229,8.811667,7.64789473684211,7.048854,7.7321095,8.1298955,8.290539,8.6545575,10.00563,1.02620234705715,6
"07-Mar",NA,NA,10.1824,7.258229,8.056771,7.977579,8.09,8.77117,7.75604166666667,7.258229,7.997377,8.0733855,8.38935816666667,8.6008775,10.1824,1.00100190822224,6
"08-Mar",NA,NA,10.12344,6.618737,7.988125,7.910833,8.177812,8.7325,7.89305263157895,6.618737,7.930156,8.0829685,8.2585745,8.593828,10.12344,1.14821473630375,6
"09-Mar",NA,NA,10.16479,6.187083,7.847188,8.037083,8.258936,8.77734,8.18833333333333,6.187083,7.89466175,8.1480095,8.21207,8.647739,10.16479,1.29608438517853,6
"10-Mar",NA,NA,10.22615,6.762708,8.348958,8.091667,8.254062,8.763474,8.19541666666667,6.762708,8.13226575,8.30151,8.4078365,8.659845,10.22615,1.11948793870622,6
"11-Mar",NA,NA,10.1601,7.343021,8.632917,7.939247,8.294316,8.849684,8.1421875,7.343021,8.02801425,8.4636165,8.5365475,8.79549225,10.1601,0.957414618805614,6
"12-Mar",NA,4.9495,10.06344,7.143646,8.574896,8.002292,8.270745,8.906105,8.03416666666667,4.9495,7.572969,8.270745,7.987232,8.7405005,10.06344,1.60833121041024,7
"13-Mar",NA,4.8175,10.01313,7.340729,8.543229,8.023053,8.189687,8.931895,7.9159375,4.8175,7.681891,8.189687,7.979889,8.737562,10.01313,1.6234143221586,7
"14-Mar",NA,4.854375,9.942043,7.349375,8.345208,8.096354,8.136875,8.769687,8.01452631578947,4.854375,7.7228645,8.136875,7.92770242857143,8.5574475,9.942043,1.57018138407806,7
"15-Mar",NA,4.913646,10.0526,7.371146,8.164316,8.09875,8.238737,8.718438,7.86515789473684,4.913646,7.734948,8.164316,7.93680471428571,8.4785875,10.0526,1.5661071399623,7
"16-Mar",NA,5.140833,10.14854,7.484792,7.521146,8.078817,8.212,8.668842,7.87063829787234,5.140833,7.502969,8.078817,7.89356714285714,8.440421,10.14854,1.51134656134658,7
"17-Mar",NA,4.968333,10.14948,7.545208,7.099271,8.182292,8.397895,8.788333,8.00541666666667,4.968333,7.3222395,8.182292,7.87583028571429,8.593114,10.14948,1.60906341606701,7
"18-Mar",NA,5.036875,10.17833,7.343646,6.496354,8.051474,8.350105,8.813263,8.18340425531915,5.036875,6.92,8.051474,7.75286385714286,8.581684,10.17833,1.66213061561975,7
"19-Mar",NA,5.048646,10.205,7.458437,6.579063,7.959158,8.225053,8.743125,8.22322916666667,5.048646,7.01875,7.959158,7.74549742857143,8.484089,10.205,1.63483019758453,7
"20-Mar",NA,5.153646,10.09677,7.479479,7.671875,8.011979,8.388229,8.626421,8.05385416666667,5.153646,7.575677,8.011979,7.91834271428571,8.507325,10.09677,1.49294880405823,7
"21-Mar",NA,4.998229,9.857812,7.356667,8.282813,7.924632,8.298105,8.756042,8.11494736842105,4.998229,7.6406495,8.282813,7.9249,8.5270735,9.857812,1.50458308000677,7
"22-Mar",NA,5.163437,9.734167,7.298021,8.188958,7.992526,8.231771,9.647979,8.05458333333333,5.163437,7.6452735,8.188958,8.03669414285714,8.939875,9.734167,1.54607501433904,7
"23-Mar",NA,4.713021,10.02385,7.667708,8.262187,8.031042,8.261042,9.192396,8.005,4.713021,7.849375,8.261042,8.02160657142857,8.7272915,10.02385,1.66167619238405,7
"24-Mar",NA,5.133229,9.992604,8.135938,8.239062,8.142708,8.201458,9.157708,7.95797872340426,5.133229,8.139323,8.201458,8.14324385714286,8.698385,9.992604,1.50122636206608,7
"25-Mar",NA,5.181771,10.10031,7.992813,8.305625,8.099474,8.185684,9.054516,7.91410526315789,5.181771,8.0461435,8.185684,8.13145614285714,8.6800705,10.10031,1.49903233690153,7
"26-Mar",NA,5.146562,10.06854,7.948854,8.400625,7.991158,8.249271,NA,7.95778947368421,5.146562,7.95943,8.1202145,7.96750166666667,8.3627865,10.06854,1.58996602591208,6
"27-Mar",NA,5.049792,10.06844,7.973854,8.405,8.053191,8.310211,NA,7.99446808510638,5.049792,7.99368825,8.181701,7.976748,8.38130275,10.06844,1.62743332300638,6
"28-Mar",NA,5.103958,9.978333,8.083438,8.302812,8.066979,8.249263,NA,7.90192307692308,5.103958,8.07109375,8.1663505,7.9641305,8.28942475,9.978333,1.57850665093749,6
"29-Mar",NA,5.0075,10.01219,8.194792,8.364167,8.041146,8.208842,8.715938,NA,5.0075,8.117969,8.208842,8.07779642857143,8.5400525,10.01219,1.5105206374673,7
"30-Mar",NA,5.127604,10.08574,8.061146,8.327021,8.125104,8.204945,8.754479,9.95116279069767,5.127604,8.093125,8.204945,8.09800557142857,8.54075,10.08574,1.48724062597134,7
"31-Mar",NA,4.986875,10.12469,8.179167,8.247813,8.066771,7.942708,8.68625,9.96378947368421,4.986875,8.0047395,8.179167,8.03346771428571,8.4670315,10.12469,1.53609793228879,7
"01-Apr",NA,5.223438,10.17506,8.226737,8.17,8.03,8.652292,8.546979,10.1045098039216,5.223438,8.1,8.226737,8.146358,8.5996355,10.17506,1.47739175808641,7
"02-Apr",NA,5.286771,10.2451,8.105625,8.055521,8.073511,8.864421,8.460208,NA,5.286771,8.064516,8.105625,8.15587957142857,8.6623145,10.2451,1.48383819247089,7
"03-Apr",NA,5.414375,10.29417,8.265,8.351765,8.153263,8.866042,8.942083,NA,5.414375,8.2091315,8.351765,8.32667114285714,8.9040625,10.29417,1.47516533918195,7
"04-Apr",NA,5.403021,10.12969,8.37575,8.076071,8.105638,8.806875,8.907604,9.74595744680851,5.403021,8.0908545,8.37575,8.257807,8.8572395,10.12969,1.44034456588369,7
"05-Apr",NA,6.068542,10.07263,7.687045,8.108125,8.101042,8.713789,8.848021,10.0282978723404,6.068542,7.8940435,8.108125,8.22845628571429,8.780905,10.07263,1.22538802614134,7
"06-Apr",NA,5.798854,10.42306,7.529896,7.881585,8.238526,8.707292,8.933958,10.1003125,5.798854,7.7057405,8.238526,8.21616728571429,8.820625,10.42306,1.41736959798597,7
"07-Apr",NA,5.862708,10.34177,7.571667,6.87,8.243789,8.814468,8.966667,10.1481052631579,5.862708,7.2208335,8.243789,8.095867,8.8905675,10.34177,1.47790256228571,7
"08-Apr",NA,6.003854,10.28854,7.855053,6.46125,8.204043,8.074316,8.861146,9.22957446808511,6.003854,7.1581515,8.074316,7.96402885714286,8.5325945,10.28854,1.43703669434806,7
"09-Apr",NA,5.891263,10.22542,7.694063,8.216771,8.160211,7.905,9.066771,8.894375,5.891263,7.7995315,8.160211,8.16564271428571,8.641771,10.22542,1.32416535947299,7
"10-Apr",NA,6.405417,10.21771,7.991458,8.208646,8.253229,9.151196,8.908542,8.9096875,6.405417,8.100052,8.253229,8.44802828571428,9.029869,10.21771,1.17716177138697,7
"11-Apr",NA,6.431667,7.042526,8.403085,8.04375,8.292292,NA,9.017292,8.83927083333333,6.431667,7.292832,8.168021,7.87176866666667,8.37538675,9.017292,0.955245980543999,6
"12-Apr",NA,6.799062,4.600842,7.908854,8.042604,8.242128,NA,9.213646,8.85526315789474,4.600842,7.07651,7.975729,7.467856,8.192247,9.213646,1.60244494721185,6
"13-Apr",NA,6.966667,4.889583,7.422396,8.253646,8.024167,9.552292,9.426771,9.05572916666667,4.889583,7.1945315,8.024167,7.79078885714286,8.8402085,9.552292,1.59582364023696,7
"14-Apr",NA,6.928105,4.380625,7.704583,8.263333,8.282526,9.004792,9.424062,8.25126315789474,4.380625,7.316344,8.263333,7.71257514285714,8.643659,9.424062,1.68050284630756,7
"15-Apr",NA,7.100417,7.040938,8.472708,8.20375,8.165368,8.506458,9.364792,8.18434782608696,7.040938,7.6328925,8.20375,8.12206157142857,8.489583,9.364792,0.820185619581701,7
"16-Apr",NA,6.975417,6.866354,8.594271,8.102083,8.481979,8.782292,9.583542,NA,6.866354,7.53875,8.481979,8.19799114285714,8.6882815,9.583542,0.981154836952766,7
"17-Apr",NA,7.305625,8.582187,8.749583,8.148125,8.571771,9.415521,9.675208,NA,7.305625,8.359948,8.582187,8.63543142857143,9.082552,9.675208,0.78691866917106,7
"18-Apr",NA,8.216146,8.017416,8.974792,8.398021,8.455,9.302105,9.71,8.23729166666667,8.017416,8.3070835,8.455,8.72478285714286,9.1384485,9.71,0.619824393282062,7
"19-Apr",NA,8.460729,7.324896,8.591429,8.455729,8.756667,9.390417,9.747188,8.08178947368421,7.324896,8.458229,8.591429,8.67529357142857,9.073542,9.747188,0.773717674884463,7
"20-Apr",NA,7.987917,7.513958,8.9625,8.617292,8.725,9.128526,9.762813,7.95234042553192,7.513958,8.3026045,8.725,8.67114371428571,9.045513,9.762813,0.741339654160564,7
"21-Apr",NA,8.175729,7.505104,9.20375,8.972604,8.476809,9.001563,9.652,8.27894736842105,7.505104,8.326269,8.972604,8.71250842857143,9.1026565,9.652,0.716086211700532,7
"22-Apr",NA,7.213229,6.385729,9.277368,8.808542,8.576526,9.036979,9.514792,8.1565625,6.385729,7.8948775,8.808542,8.40188071428571,9.1571735,9.514792,1.16060575849047,7
"23-Apr",NA,9.697292,7.362604,9.533978,8.898333,8.586042,8.990761,9.558542,8.47126315789474,7.362604,8.7421875,8.990761,8.94679314285714,9.54626,9.697292,0.808944728290387,7
"24-Apr",NA,10.03323,8.031087,8.505506,9.186458,7.965122,9.126702,9.268646,8.57521276595745,7.965122,8.2682965,9.126702,8.87382157142857,9.227552,10.03323,0.745363122960404,7
"25-Apr",NA,10.12302,7.778333,8.838025,7.636667,5.953889,8.946667,9.252766,8.59585106382979,5.953889,7.7075,8.838025,8.36133814285714,9.0997165,10.12302,1.36191418344334,7
"26-Apr",NA,9.688021,9.53871,8.943229,8.607604,5.670521,8.978132,9.354792,8.17821052631579,5.670521,8.7754165,8.978132,8.68300128571429,9.446751,9.688021,1.38016590898313,7
"27-Apr",NA,9.493789,9.297812,9.338125,9.478333,6.5175,9.288361,8.762813,8.09136842105263,6.5175,9.025587,9.297812,8.88239042857143,9.408229,9.493789,1.07090634889547,7
"28-Apr",NA,9.370417,9.44,9.620104,9.685937,6.590104,9.091923,8.512234,8.38468085106383,6.590104,8.8020785,9.370417,8.90153128571428,9.530052,9.685937,1.0933083522291,7
"29-Apr",NA,9.75375,9.797917,9.550729,9.987083,7.315165,9.503871,8.758333,8.57822916666667,7.315165,9.131102,9.550729,9.23812114285714,9.7758335,9.987083,0.934210186177327,7
"30-Apr",NA,9.795417,9.295938,9.360521,9.538021,7.395625,9.137979,8.604583,8.81229166666667,7.395625,8.871281,9.295938,9.01829771428571,9.449271,9.795417,0.80485793737502,7
"01-May",NA,9.873125,9.355104,9.279687,9.024479,7.229167,9.420938,8.859158,9.04736842105263,7.229167,8.9418185,9.279687,9.00595114285714,9.388021,9.873125,0.846551536710244,7
"02-May",NA,9.713646,9.665,9.304565,7.926316,6.830211,10.04677,9.227895,8.85926315789474,6.830211,8.5771055,9.304565,8.95920042857143,9.689323,10.04677,1.15766060207945,7
"03-May",NA,9.492396,9.418437,9.245729,8.3425,6.942917,9.838737,9.641596,9.07083333333333,6.942917,8.7941145,9.418437,8.98890171428571,9.566996,9.838737,1.02111750734832,7
"04-May",NA,9.215729,9.287634,9.158958,8.151042,7.120417,10.4483,10.25376,9.49553191489362,7.120417,8.655,9.215729,9.09083428571429,9.770697,10.4483,1.15613096577806,7
"05-May",NA,9.140104,9.454062,9.02625,7.861875,7.301146,9.891875,9.962,9.76705263157895,7.301146,8.4440625,9.140104,8.94818742857143,9.6729685,9.962,1.00912644894976,7
"06-May",NA,8.706979,9.278021,8.964583,8.764062,6.933368,9.568526,10.46695,10.0217894736842,6.933368,8.7355205,8.964583,8.95464128571429,9.4232735,10.46695,1.07639894513167,7
"07-May",NA,8.3725,9.099479,8.838542,8.428437,7.058646,9.93625,10.79271,10.3231578947368,7.058646,8.4004685,8.838542,8.93236628571429,9.5178645,10.79271,1.19607786779216,7
"08-May",NA,7.835312,8.76625,8.688352,8.393125,7.047857,10.00085,10.77729,10.3554736842105,7.047857,8.1142185,8.688352,8.78700514285714,9.38355,10.77729,1.26031173632008,7
"09-May",NA,8.163854,8.742083,8.496458,8.837021,9.736481,9.886,9.698526,9.92159574468085,8.163854,8.6192705,8.837021,9.08006042857143,9.7175035,9.886,0.685109376047079,7
"10-May",NA,8.459375,8.641771,8.259375,8.936737,9.676146,9.503936,8.868632,10.3448958333333,8.259375,8.550573,8.868632,8.90656742857143,9.2203365,9.676146,0.522877605797908,7
"11-May",NA,8.5475,8.784828,8.165417,8.718947,9.572632,9.719032,8.87031578947368,10.0017021276596,8.165417,8.6332235,8.784828,8.91123882706767,9.22147389473684,9.719032,0.552744276383388,7
"12-May",NA,8.285312,NA,7.965104,8.371368,9.384105,9.960632,8.66729166666667,10.1037894736842,7.965104,8.306826,8.51932983333334,8.77230211111111,9.20490166666667,9.960632,0.754577260918417,6
"13-May",NA,8.356771,8.35,7.818646,8.286632,9.363895,10.02281,8.5834375,9.96698924731183,7.818646,8.318316,8.356771,8.68317021428572,8.97366625,10.02281,0.7516815720882,7
"14-May",NA,8.208333,8.006458,7.727188,8.17967,9.351354,9.929891,8.66736842105263,10.1015625,7.727188,8.093064,8.208333,8.58146606015038,9.00936121052631,9.929891,0.793667657331526,7
"15-May",NA,8.025313,7.879479,7.604681,7.911684,9.261979,9.839684,9.84145833333333,10.2052083333333,7.604681,7.8955815,8.025313,8.62346833333333,9.5508315,9.84145833333333,0.9854145116008,7
"16-May",NA,7.971771,7.782083,7.456042,7.863263,9.05734,9.775833,9.0990625,9.95591397849462,7.456042,7.822673,7.971771,8.42934207142857,9.07820125,9.775833,0.871016533192512,7
"17-May",NA,7.846146,7.906737,7.375312,7.823542,8.864105,9.618947,8.97322916666667,9.99225806451613,7.375312,7.834844,7.906737,8.34400259523809,8.91866708333334,9.618947,0.810372230887745,7
"18-May",NA,7.740104,7.893542,7.461146,7.690521,8.670833,9.483542,8.6409375,9.80583333333333,7.461146,7.7153125,7.893542,8.22580364285714,8.65588525,9.483542,0.726845213233574,7
"19-May",NA,7.674896,7.702396,7.424375,7.383158,8.477895,9.306979,8.48768421052632,9.92372340425532,7.383158,7.5496355,7.702396,8.06534045864662,8.48278960526316,9.306979,0.713048261939614,7
"20-May",NA,8.220417,7.688542,7.226354,7.716211,8.009789,9.075426,8.46677083333333,9.73336842105263,7.226354,7.7023765,8.009789,8.05764426190476,8.34359391666666,9.075426,0.60220510899857,7
"21-May",NA,8.068646,7.402604,7.271196,8.9905,7.614375,8.925833,8.54916666666667,9.60694736842105,7.271196,7.5084895,8.068646,8.11747438095238,8.73749983333333,8.9905,0.717018778877602,7
"22-May",NA,7.700312,7.365521,7.509457,8.934211,8.102447,8.741053,8.61526315789474,9.45635416666667,7.365521,7.6048845,8.102447,8.13832345112782,8.67815807894737,8.934211,0.633775614382072,7
"23-May",NA,7.624375,7.313125,7.472812,8.288495,8.384737,8.748947,8.47572916666667,9.64021052631579,7.313125,7.5485935,8.288495,8.04403145238095,8.43023308333333,8.748947,0.56210007783652,7
"24-May",NA,7.637812,7.304842,7.340947,8.799213,8.649574,8.559894,9.52957446808511,9.52446808510638,7.304842,7.4893795,8.559894,8.26026520972644,8.7243935,9.52957446808511,0.845416755103481,7
"25-May",NA,7.631042,7.002083,7.236146,8.797527,8.287812,8.974211,9.36487804878049,9.17,7.002083,7.433594,8.287812,8.18481414982578,8.885869,9.36487804878049,0.913529019040542,7
"26-May",NA,7.502083,6.996042,7.099687,8.732812,8.081563,9.964043,9.186,9.123125,6.996042,7.300885,8.081563,8.22317571428571,8.959406,9.964043,1.11993240589596,7
"27-May",NA,7.452187,7.188125,7.097053,8.75,8.197083,9.900104,9.46583333333333,9.05604166666667,7.097053,7.320156,8.197083,8.29291219047619,9.10791666666666,9.900104,1.12059320636529,7
"28-May",NA,7.268,7.571875,6.933542,8.6725,8.481146,9.612903,9.20239583333333,8.96520833333333,6.933542,7.4199375,8.481146,8.24890883333333,8.93744791666666,9.612903,1.01272964317168,7
"29-May",NA,7.181354,7.666146,6.911875,8.600652,8.463333,9.542473,9.10882978723404,8.90747368421053,6.911875,7.42375,8.463333,8.21066611246201,8.85474089361702,9.542473,0.986507395854816,7
"30-May",NA,7.093723,7.679896,6.965729,8.488437,8.294063,9.777128,9.44821052631579,8.7858947368421,6.965729,7.3868095,8.294063,8.24959807518797,8.96832376315789,9.777128,1.09071597944325,7
"31-May",NA,7.014167,7.67,7.212083,8.360417,8.166105,9.883958,9.5136170212766,8.72673684210526,7.014167,7.4410415,8.166105,8.26004957446809,8.9370170106383,9.883958,1.09742311441296,7
"01-Jun",NA,6.717083,7.641771,7.113696,8.374842,8.015417,8.453511,8.194,8.35270833333333,6.717083,7.3777335,8.015417,7.78718857142857,8.284421,8.453511,0.661660831142073,7
"02-Jun",NA,6.891458,7.610833,6.922813,8.461979,7.809583,7.6525,7.3971875,7.85531914893617,6.891458,7.16000025,7.610833,7.53519335714286,7.7310415,8.461979,0.541933888403274,7
"03-Jun",NA,6.803229,7.843125,6.798333,8.42375,7.672421,8.720625,7.28927083333333,7.60882978723404,6.798333,7.04624991666666,7.672421,7.65010769047619,8.1334375,8.720625,0.747797897811117,7
"04-Jun",NA,6.338082,8.793158,6.633125,8.313684,7.507708,9.006979,7.38520833333333,7.4734375,6.338082,7.00916666666667,7.507708,7.7111349047619,8.553421,9.006979,1.03344420745618,7
"05-Jun",NA,6.311042,8.947917,6.514737,8.261319,7.560729,8.609896,7.45697916666667,7.43072916666667,6.311042,6.98585808333334,7.560729,7.66608845238095,8.4356075,8.947917,1.00869097347673,7
"06-Jun",NA,6.235208,8.750105,6.449687,8.211158,7.420104,8.26875,7.53617021276596,7.33368421052632,6.235208,6.9348955,7.53617021276596,7.55302603039514,8.239954,8.750105,0.94431194629858,7
"07-Jun",NA,6.13625,8.173895,6.346146,8.332842,7.249792,8.121146,7.58252631578947,7.2571875,6.13625,6.797969,7.58252631578947,7.42037104511278,8.1475205,8.332842,0.889738255517483,7
"08-Jun",NA,6.105625,7.658646,6.923021,8.165591,6.985851,8.019895,7.54774193548387,7.4759375,6.105625,6.954436,7.54774193548387,7.3437672764977,7.8392705,8.165591,0.720118623334854,7
"09-Jun",NA,5.940833,8.079474,7.736667,7.946042,7.41375,7.642316,7.55582417582418,7.49,5.940833,7.48478708791209,7.642316,7.47355802511774,7.8413545,8.079474,0.712702787975784,7
"10-Jun",NA,5.678542,7.273854,7.713176,8.012043,7.618617,7.89625,7.52936842105263,8.40875,5.678542,7.40161121052632,7.618617,7.38883577443609,7.804713,8.012043,0.791825681987788,7
"11-Jun",NA,5.573021,8.755833,7.707553,7.998191,7.621458,8.446042,8.96442105263158,8.73510416666667,5.573021,7.6645055,7.998191,7.86664557894737,8.6009375,8.96442105263158,1.13246859983011,7
"12-Jun",NA,5.375104,8.834583,7.688211,8.075417,7.808495,8.78,9.17135416666667,8.606,5.375104,7.748353,8.075417,7.9618805952381,8.8072915,9.17135416666667,1.27125141919105,7
"13-Jun",NA,5.325625,8.609063,7.731053,7.940521,7.915521,8.680938,8.62234042553191,8.66936842105263,5.325625,7.823287,7.940521,7.83215163221884,8.61570171276595,8.680938,1.17331574064079,7
"14-Jun",NA,5.209688,8.477813,7.786979,8.129158,7.715625,8.594375,8.44308823529412,8.75642105263158,5.209688,7.751302,8.129158,7.76524660504202,8.46045061764706,8.594375,1.17763321441171,7
"15-Jun",NA,5.050632,8.384167,7.793854,8.260638,7.51375,8.463871,NA,8.90916666666667,5.050632,7.583776,8.027246,7.57781866666667,8.35328475,8.463871,1.29143154069609,6
"16-Jun",NA,5.008958,8.397917,7.91375,8.368632,7.398125,8.385521,8.35642857142857,8.85760416666667,5.008958,7.6559375,8.35642857142857,7.68990451020408,8.3770765,8.397917,1.23913986247391,7
"17-Jun",NA,5.122813,8.35375,7.300417,8.214583,7.284479,8.43766,8.33572916666667,8.86357894736842,5.122813,7.292448,8.214583,7.57849016666667,8.34473958333334,8.43766,1.19103198994694,7
"18-Jun",NA,5.234316,8.285,6.757396,8.324194,7.172917,8.723958,8.06260416666667,8.975,5.234316,6.9651565,8.06260416666667,7.50862645238095,8.304597,8.723958,1.21801508279844,7
"19-Jun",NA,5.175313,8.279167,6.702083,8.328298,7.319375,8.655313,7.74085106382979,8.92375,5.175313,7.010729,7.74085106382979,7.45720000911854,8.3037325,8.655313,1.20737869346205,7
"20-Jun",NA,5.208125,8.233646,6.677857,9.04,7.5375,8.6625,7.71520833333333,8.97322916666667,5.208125,7.1076785,7.71520833333333,7.58211947619048,8.448073,9.04,1.30322474715207,7
"21-Jun",6.51182795698925,5.142604,8.185254,NA,9.091042,7.583263,8.731789,7.64021052631579,8.9759375,5.142604,7.04754547849462,7.64021052631579,7.55514149761501,8.4585215,9.091042,1.35753448966311,7
"22-Jun",6.79947916666667,5.244286,8.26,NA,9.067684,7.463125,8.809479,7.51810526315789,8.83864583333333,5.244286,7.13130208333333,7.51810526315789,7.59459406140351,8.5347395,9.067684,1.30817906356102,7
"23-Jun",6.97333333333333,NA,8.269583,6.571875,8.963474,7.585312,8.691979,7.42729166666667,8.81902173913043,6.571875,7.2003125,7.585312,7.783264,8.480781,8.963474,0.889242847934587,7
"24-Jun",6.8478125,NA,8.191458,7.963854,9.006737,7.639479,8.460879,7.35136842105263,8.75042105263158,6.8478125,7.49542371052631,7.963854,7.9230839887218,8.3261685,9.006737,0.718877989318352,7
"25-Jun",6.70364583333333,NA,8.181146,8.174062,8.931263,7.597789,8.336316,7.31,8.8928125,6.70364583333333,7.4538945,8.174062,7.89060311904762,8.258731,8.931263,0.739155458525164,7
"26-Jun",6.57833333333333,NA,8.14625,8.100957,8.793684,7.770316,8.109255,7.20893617021277,8.86305263157895,6.57833333333333,7.48962608510639,8.100957,7.8153902147923,8.1277525,8.793684,0.722790858343976,7
"27-Jun",6.43947916666667,NA,8.142396,7.955652,8.600947,7.939053,8.003542,7.26829787234043,8.7721052631579,6.43947916666667,7.60367543617022,7.955652,7.76419529128673,8.072969,8.600947,0.703383962904974,7
"28-Jun",6.42489583333333,NA,8.084583,7.907292,8.358095,7.979895,7.745,7.19268817204301,8.45494736842105,6.42489583333333,7.46884408602151,7.907292,7.67034985791091,8.032239,8.358095,0.655925720814667,7
"29-Jun",6.2571875,NA,8.031979,7.987708,8.324896,7.913368,7.739789,7.29802083333333,8.32273684210526,6.2571875,7.51890491666667,7.913368,7.65042119047619,8.0098435,8.324896,0.690009514497167,7
"30-Jun",6.113125,NA,7.566979,7.984687,8.209789,7.858542,7.568646,7.27879518072289,8.260625,6.113125,7.42288709036144,7.568646,7.51150902581756,7.9216145,8.209789,0.688948398162075,7
"01-Jul",5.899167,NA,7.346563,7.825938,8.050729,7.90625,7.55907,7.17340425531915,7.27305263157895,5.899167,7.25998362765958,7.55907,7.39444589361702,7.866094,8.050729,0.729491676942065,7
"02-Jul",5.864375,NA,7.227604,7.638854,8.034792,7.668542,7.028966,7.02625,8.01020833333333,5.864375,7.027608,7.227604,7.212769,7.653698,8.034792,0.701422198573964,7
"03-Jul",5.830104,NA,7.074167,7.772708,8.118854,7.493542,7.036702,7.00263157894737,7.90515789473684,5.830104,7.01966678947369,7.074167,7.1898155112782,7.633125,8.118854,0.732097157806273,7
"04-Jul",5.83375,NA,7.022396,7.810729,8.146771,7.808229,7.190625,6.93736842105263,7.91053191489362,5.83375,6.97988221052631,7.190625,7.24998120300752,7.809479,8.146771,0.773419505609756,7
"05-Jul",5.822604,NA,7.282421,7.713333,8.313021,7.589053,7.274149,6.94666666666667,7.83104166666667,5.822604,7.11040783333334,7.282421,7.2773210952381,7.651193,8.313021,0.773038130128246,7
"06-Jul",5.635729,NA,7.423864,7.654896,8.329479,7.437895,7.35117,6.94705263157895,7.69104166666667,5.635729,7.14911131578947,7.423864,7.25429794736842,7.5463955,8.329479,0.826892066283055,7
"07-Jul",5.560208,NA,7.439896,7.741667,8.223333,7.547895,7.426737,6.72802083333333,7.54989361702128,5.560208,7.07737891666667,7.439896,7.23825097619048,7.644781,8.223333,0.863331187278159,7
"08-Jul",5.406875,NA,7.518646,7.715312,8.109474,7.595,7.450208,6.7178125,7.46468085106383,5.406875,7.08401025,7.518646,7.21618964285714,7.655156,8.109474,0.899890831307735,7
"09-Jul",5.327292,NA,7.425625,7.634688,8.084737,7.668511,7.337872,6.76297872340426,7.39105263157895,5.327292,7.05042536170213,7.425625,7.17738624620061,7.6515995,8.084737,0.908806385603123,7
"10-Jul",5.212083,NA,7.493125,7.533437,7.928438,7.492449,7.203958,6.67684210526316,7.39851063829787,5.212083,6.94040005263158,7.492449,7.07719030075188,7.513281,7.928438,0.906752366774927,7
"11-Jul",5.030833,NA,7.540625,7.505937,7.889062,7.266316,7.076211,6.626,7.42862068965517,5.030833,6.8511055,7.266316,6.990712,7.523281,7.889062,0.951516509936988,7
"12-Jul",4.925729,NA,7.182812,7.461979,7.763854,7.444271,7.000842,6.52958333333333,7.24681818181818,4.925729,6.76521266666667,7.182812,6.90129576190476,7.453125,7.763854,0.955980258068391,7
"13-Jul",4.786667,NA,7.042292,7.492396,7.634688,7.361562,6.910104,6.43583333333333,7.1403125,4.786667,6.67296866666667,7.042292,6.80907747619048,7.426979,7.634688,0.97876169963771,7
"14-Jul",4.750208,NA,6.954792,7.290521,7.488737,7.329468,6.962813,6.39979166666667,7.22652631578947,4.750208,6.67729183333333,6.962813,6.73947580952381,7.3099945,7.488737,0.947096107035506,7
"15-Jul",5.058333,NA,6.857053,6.403021,7.9225,7.228646,6.991042,6.39515789473684,7.1765625,5.058333,6.39908944736842,6.857053,6.69367898496241,7.109844,7.9225,0.890623379225897,7
"16-Jul",5.08125,NA,6.891667,6.093229,8.143333,7.134062,6.924583,6.45354166666667,7.1584375,5.08125,6.27338533333333,6.891667,6.67452366666667,7.0293225,8.143333,0.948991986759343,7
"17-Jul",4.78125,5.47,6.792187,7.183542,8.091771,7.307158,6.908737,6.5709375,7.04315789473684,4.78125,6.295703125,6.850462,6.6381978125,7.214446,8.091771,1.0537112918276,8
"18-Jul",4.640521,5.848854,6.99375,7.116979,8.066458,7.330625,6.793437,6.50894736842105,6.97778947368421,4.640521,6.34392402631579,6.8935935,6.66244642105263,7.1703905,8.066458,1.03681576960803,8
"19-Jul",4.742292,5.985625,7.201979,7.116458,8.011875,7.329271,6.676915,6.3878125,7.05810526315789,4.742292,6.287265625,6.8966865,6.6815284375,7.233802,8.011875,0.998615813912417,8
"20-Jul",4.900417,5.971042,7.209896,7.129583,7.993011,7.313158,6.689474,6.27787234042553,7.07765957446809,4.900417,6.20116475531915,6.9095285,6.68555666755319,7.2357115,7.993011,0.959083497205198,8
"21-Jul",5.017396,6.390833,7.148854,5.678542,7.978105,7.34,6.663684,6.50273684210526,7.18083333333333,5.017396,6.21276025,6.58321042105263,6.59001885526316,7.1966405,7.978105,0.937946388396906,8
"22-Jul",4.964479,6.780312,7.039375,5.63375,7.965684,7.354316,6.544316,6.57287234042553,7.22083333333333,4.964479,6.3166745,6.67659217021277,6.60688804255319,7.11811025,7.965684,0.946548110946165,8
"23-Jul",4.860417,6.957396,7.062188,6.818125,7.941828,7.367021,6.60875,6.6021875,7.1115625,4.860417,6.607109375,6.8877605,6.7772390625,7.13839625,7.941828,0.890639628834101,8
"24-Jul",4.742292,7.075521,7.052292,6.311771,8.059263,7.331596,6.648421,6.43305263157895,7.07684210526316,4.742292,6.40273222368421,6.8503565,6.70677607894737,7.13953975,8.059263,0.968690679184738,8
"25-Jul",5.000521,6.370312,7.001875,6.714421,6.701562,7.313158,6.523646,6.33652631578947,6.99473684210526,5.000521,6.36186557894737,6.612604,6.49525266447368,6.7862845,7.313158,0.685780762931416,8
"26-Jul",5.164167,6.048854,7.116875,6.853646,7.335729,7.320526,6.539053,6.41663157894737,6.96333333333333,5.164167,6.32468718421053,6.6963495,6.59943519736842,7.16778775,7.335729,0.736271030928851,8
"27-Jul",5.127813,6.073021,7.051563,6.731979,8.001895,7.335729,6.457895,6.40815217391304,6.85052083333333,5.127813,6.32436938043478,6.594937,6.64850589673913,7.1226045,8.001895,0.862815377084771,8
"28-Jul",5.091042,6.263191,7.037917,6.784688,8.000316,7.343684,6.428,6.35842105263158,6.82229166666667,5.091042,6.33461353947368,6.606344,6.66340738157895,7.11435875,8.000316,0.860731143994291,8
"29-Jul",4.834167,5.832187,7.093978,6.974479,8.180842,7.273542,6.431158,6.41234042553191,6.77447916666667,4.834167,6.26730206914894,6.7028185,6.62908667819149,7.138869,8.180842,1.00723294834191,8
"30-Jul",4.369792,5.898125,7.021354,6.991354,7.899053,7.269368,6.469688,6.77,6.6546875,4.369792,6.32679725,6.880677,6.58609175,7.0833575,7.899053,1.06751241570254,8
"31-Jul",4.021667,5.812708,6.971563,6.946979,8.012021,7.241789,6.492316,6.92302083333333,6.55885416666667,4.021667,6.322414,6.93499991666667,6.55275797916667,7.0391195,8.012021,1.19701196442815,8
"01-Aug",4.009896,5.415104,6.96625,6.770521,8.057579,7.216882,6.437895,6.9678947368421,6.45229166666667,4.009896,6.18219725,6.8683855,6.48025271710526,7.03014155263158,8.057579,1.24371694948614,8
"02-Aug",4.139062,4.976354,6.989375,6.920625,7.848526,7.183579,6.326064,7.00956989247312,6.56,4.139062,5.9886365,6.955,6.42414436155914,7.05307216935484,7.848526,1.24450930437157,8
"03-Aug",4.042813,4.489474,7.047292,6.985729,7.72375,7.288211,6.161064,7.046875,7.0346875,4.042813,5.7431665,7.016302,6.348151,7.10752175,7.72375,1.36086996936749,8
"04-Aug",3.913229,4.279583,7.189687,6.919688,7.588021,7.240417,6.170937,7.08760416666667,7.16895833333333,3.913229,5.6980985,7.00364608333333,6.29864577083333,7.2023695,7.588021,1.42099874212268,8
"05-Aug",4.153333,3.674688,7.190833,6.788437,7.816737,NA,6.670909,7.12494736842105,7.24947368421053,3.674688,5.412121,6.788437,6.20284062406015,7.15789018421053,7.816737,1.6116823305103,7
"06-Aug",3.827073,3.665417,7.165208,6.8525,7.918049,NA,NA,6.90927083333333,7.35833333333333,3.665417,4.58342975,6.88088541666667,6.05625297222222,7.10122370833333,7.918049,1.82992100911109,6
"07-Aug",4.708065,3.375833,7.104375,6.883021,7.948025,7.147872,6.718605,6.84357894736842,7.50127659574468,3.375833,6.21597,6.86329997368421,6.34117186842105,7.11524925,7.948025,1.51015433838692,8
"08-Aug",4.539688,3.072396,7.082604,6.964105,8.066354,7.108125,6.654792,6.31094736842105,7.66810526315789,3.072396,5.86813252631579,6.8094485,6.22487642105263,7.08898425,8.066354,1.62232424318456,8
"09-Aug",4.660521,3.443958,7.128854,7.096875,7.966667,7.259263,7.298925,6.71817204301075,7.73168421052632,3.443958,6.20375928225806,7.1128645,6.44665438037634,7.2691785,7.966667,1.55221037616482,8
"10-Aug",4.603646,3.576979,7.196471,7.284271,7.89125,7.282396,7.408125,6.87052083333333,NA,3.576979,6.303802125,7.2394335,6.51420735416667,7.3152345,7.89125,1.54681447269702,8
"11-Aug",4.602396,3.801771,6.741143,7.381354,7.700638,7.265789,7.462234,6.9925,NA,3.801771,6.20645625,7.1291445,6.493478125,7.401574,7.700638,1.45956696799892,8
"12-Aug",4.520937,3.758229,6.845833,7.527917,7.708947,7.207128,7.451868,7.108,NA,3.758229,6.264609,7.157564,6.516107375,7.47088025,7.708947,1.50453772509175,8
"13-Aug",4.115833,3.623854,6.841875,7.800833,7.989579,7.176737,7.017957,6.84395833333333,NA,3.623854,6.1603645,6.93095766666667,6.42632829166667,7.332761,7.989579,1.63818271679223,8
"14-Aug",3.837708,3.824574,6.721875,7.748152,7.912105,7.287917,7.015521,6.48914893617021,NA,3.824574,5.82628870212766,6.868698,6.35462511702128,7.40297575,7.912105,1.62851717959277,8
"15-Aug",3.645521,3.155625,6.540312,7.695714,7.928737,7.178617,7.045275,6.29645833333333,NA,3.155625,5.633724,6.7927935,6.18578241666667,7.30789125,7.928737,1.80534739416592,8
"16-Aug",3.476458,2.948404,6.415895,NA,7.846211,7.189462,7.555263,6.21854166666667,NA,2.948404,4.84749983333333,6.415895,5.95003352380952,7.3723625,7.846211,1.96324191275588,7
"17-Aug",3.123125,2.5975,6.33375,NA,7.949271,7.338646,7.442812,6.3258064516129,NA,2.5975,4.72446572580645,6.33375,5.87298720737327,7.390729,7.949271,2.14597942626449,7
"18-Aug",3.202292,2.418438,6.330417,NA,8.012526,7.468723,7.219681,6.58659340659341,NA,2.418438,4.7663545,6.58659340659341,5.89123862951334,7.344202,8.012526,2.18785474361115,7
"19-Aug",3.34875,2.204896,6.201889,NA,7.87,7.393723,6.918571,6.74494736842105,NA,2.204896,4.7753195,6.74494736842105,5.81182519548872,7.156147,7.87,2.16267253133534,7
"20-Aug",3.408646,2.557187,6.937812,NA,7.62875,7.251789,6.821505,6.96989473684211,NA,2.557187,5.1150755,6.937812,5.93936910526316,7.11084186842105,7.62875,2.05171489427962,7
"21-Aug",3.172813,2.995053,7.023229,NA,7.668958,7.214149,6.499792,7.37446808510638,NA,2.995053,4.8363025,7.023229,5.99263744072948,7.29430854255319,7.668958,2.01939941985527,7
"22-Aug",3.698125,3.857396,7.165312,NA,7.985833,7.321146,6.335,7.69136842105263,NA,3.698125,5.096198,7.165312,6.29345434586466,7.50625721052632,7.985833,1.79380581887487,7
"23-Aug",3.840417,5.12375,7.282292,NA,8.295729,7.26163,6.374792,7.859375,NA,3.840417,5.749271,7.26163,6.576855,7.5708335,8.295729,1.59197885584305,7
"24-Aug",4.277083,5.086146,7.517083,7.94,8.470521,7.288947,6.425625,7.94031578947368,NA,4.277083,6.09075525,7.403015,6.86821509868421,7.94007894736842,8.470521,1.49040616104585,8
"25-Aug",4.759375,5.014583,7.588958,7.963958,8.491444,7.301458,6.492,7.11265957446809,NA,4.759375,6.12264575,7.20705878723404,6.84055444680851,7.682708,8.491444,1.34275957007527,8
"26-Aug",4.773958,4.798542,7.525833,8.010938,8.448495,7.254457,6.565,6.68559139784946,NA,4.773958,6.1233855,6.97002419892473,6.75785179973118,7.64710925,8.448495,1.36706433055308,8
"27-Aug",4.520729,4.653437,7.445104,7.879271,8.529053,7.182316,6.567912,6.70565217391304,NA,4.520729,6.08929325,6.94398408695652,6.68543427173913,7.55364575,8.529053,1.43812118357985,8
"28-Aug",4.269271,4.434375,7.535833,7.677187,8.699271,7.243474,6.65043,6.51157894736842,NA,4.269271,5.99227796052632,6.946952,6.62767749342105,7.5711715,8.699271,1.55763443296709,8
"29-Aug",4.128021,4.207083,7.577292,7.454545,8.852421,7.194842,6.536421,6.613125,NA,4.128021,5.9540865,6.9039835,6.57046875,7.48523175,8.852421,1.64519012878136,8
"30-Aug",3.604896,4.298021,7.539302,NA,8.932947,7.202421,6.77,7.56789473684211,NA,3.604896,5.5340105,7.202421,6.55935453383459,7.55359836842105,8.932947,1.91100986150774,7
"31-Aug",3.337708,4.602812,NA,NA,8.415158,7.20172,6.978125,7.43849462365591,NA,3.337708,5.19664025,7.0899225,6.32900293727599,7.37930096774194,8.415158,1.93357646993682,6
"01-Sep",2.894167,5.097604,7.3395,NA,7.908125,7.220833,7.148857,7.386875,NA,2.894167,6.1232305,7.220833,6.42799442857143,7.3631875,7.908125,1.79569817898572,7
"02-Sep",2.62625,5.709375,7.372917,NA,7.726882,7.202737,7.416146,7.35741935483871,NA,2.62625,6.456056,7.35741935483871,6.48738947926267,7.3945315,7.726882,1.824165016377,7
"03-Sep",2.658286,6.130833,7.460729,NA,7.855833,7.198817,7.575833,7.36652631578947,NA,2.658286,6.664825,7.36652631578947,6.60669390225564,7.518281,7.855833,1.82452179327895,7
"04-Sep",NA,6.679896,7.572727,NA,7.874909,7.368333,6.557188,7.47802083333333,NA,6.557188,6.85200525,7.42317691666667,7.25517897222222,7.54905045833333,7.874909,0.522590907263675,6
"05-Sep",NA,7.253958,7.671923,6.478684,6.745556,7.453298,5.598211,7.466,NA,5.598211,6.61212,7.253958,6.95251857142857,7.459649,7.671923,0.73307041267031,7
"06-Sep",NA,7.133333,8.009479,6.409271,6.86131,7.414886,6.830222,7.49494736842105,NA,6.409271,6.845766,7.133333,7.16477833834587,7.45491668421053,8.009479,0.526131441457639,7
"07-Sep",NA,6.368854,8.098696,6.186875,6.857789,7.347895,7.000105,7.55255813953488,NA,6.186875,6.6133215,7.000105,7.05896744850498,7.45022656976744,8.098696,0.669438287871747,7
"08-Sep",NA,6.514896,7.917347,6.10625,6.837083,7.335263,8.126211,7.66157894736842,NA,6.10625,6.6759895,7.335263,7.21408984962406,7.78946297368421,8.126211,0.752748339300807,7
"09-Sep",NA,6.844896,8.004687,6.155833,6.796842,7.540851,6.992632,7.6321875,NA,6.155833,6.820869,6.992632,7.1382755,7.58651925,8.004687,0.625265096461426,7
"10-Sep",NA,6.985,7.964074,6.333933,6.737708,7.761429,7.413226,7.53364583333333,NA,6.333933,6.861354,7.413226,7.24700226190476,7.64753741666667,7.964074,0.584571484376597,7
"11-Sep",NA,6.686146,8.009529,6.654396,6.711895,7.968276,8.033511,7.41114583333333,NA,6.654396,6.6990205,7.41114583333333,7.35355697619048,7.9889025,8.033511,0.660785681174526,7
"12-Sep",NA,5.850417,8.128605,6.682111,6.730211,8.136979,6.878947,7.29631578947368,NA,5.850417,6.706161,6.878947,7.1005122556391,7.71246039473684,8.136979,0.825993237296953,7
"13-Sep",NA,5.294167,8.375484,6.599583,6.773579,8.283871,6.20875,7.18378947368421,NA,5.294167,6.4041665,6.773579,6.95988906766917,7.73383023684211,8.375484,1.1038070763503,7
"14-Sep",NA,5.001771,8.485745,6.621183,6.831875,8.329896,6.055208,7.33936842105263,NA,5.001771,6.3381955,6.831875,6.9521494887218,7.83463221052632,8.485745,1.23372904885018,7
"15-Sep",NA,4.644947,8.574737,6.712069,6.985368,8.248125,7.622708,7.37354166666667,NA,4.644947,6.8487185,7.37354166666667,7.16592795238095,7.9354165,8.574737,1.29109641107334,7
"16-Sep",NA,4.5275,8.624167,7.096129,7.134062,8.135474,7.359368,7.32347368421053,NA,4.5275,7.1150955,7.32347368421053,7.17145338345865,7.747421,8.624167,1.29715689413134,7
"17-Sep",NA,4.393556,8.485312,7.100417,7.212083,8.088021,7.033474,7.62614583333333,NA,4.393556,7.0669455,7.212083,7.13414411904762,7.85708341666667,8.485312,1.3232391527517,7
"18-Sep",4.563333,4.944167,8.304167,7.206421,7.230526,8.172807,6.929368,7.99031914893617,NA,4.563333,6.43306775,7.2184735,6.91763851861702,8.03594111170213,8.304167,1.42765185177229,8
"19-Sep",4.831979,5.435417,8.251979,7.553902,7.290833,8.017429,6.744945,7.30478723404255,NA,4.831979,6.417563,7.29781011702128,6.92890890425532,7.66978375,8.251979,1.21065249385916,8
"20-Sep",4.745,6.38375,8.236875,7.567857,7.329792,7.750729,6.985208,7.66375,NA,4.745,6.8348435,7.4488245,7.082870125,7.68549475,8.236875,1.0938340433084,8
"21-Sep",4.220937,6.483854,8.198854,7.594105,7.394421,7.65,7.155312,7.974,NA,4.220937,6.9874475,7.494263,7.083935375,7.731,8.198854,1.26910058594941,8
"22-Sep",4.211771,6.414167,8.156354,7.618854,7.365895,7.756923,7.021474,8.17557894736842,NA,4.211771,6.86964725,7.4923745,7.09012711842105,7.85678075,8.17557894736842,1.30174780859586,8
"23-Sep",4.105625,8.506809,8.149792,7.563542,7.341489,7.818021,7.308842,7.874375,NA,4.105625,7.33332725,7.6907815,7.333561875,7.94322925,8.506809,1.36502543941009,8
"24-Sep",3.598438,8.852187,8.267604,7.682812,7.486632,7.853218,7.50234,7.65322916666667,NA,3.598438,7.498413,7.66802058333333,7.36205752083333,7.9568145,8.852187,1.58877460158851,8
"25-Sep",3.610937,8.720208,8.328065,6.513542,7.567812,7.895368,7.516421,7.45583333333333,NA,3.610937,7.2202605,7.5421165,7.20102329166667,8.00354225,8.720208,1.59107096459625,8
"26-Sep",3.377813,8.573021,8.30125,5.474792,7.472405,7.833085,8.662708,7.29652631578947,NA,3.377813,6.84109273684211,7.652745,7.12395003947368,8.36919275,8.662708,1.82290814310382,8
"27-Sep",3.190625,8.391868,8.405104,5.444583,7.520211,7.952766,8.063125,7.19673684210526,NA,3.190625,6.75869838157895,7.7364885,7.02062735526316,8.14531075,8.405104,1.81997615755248,8
"28-Sep",3.367083,8.430104,8.47236,6.996489,7.526404,7.922043,8.010545,7.08557894736842,NA,3.367083,7.06330646052632,7.7242235,7.22632586842105,8.11543475,8.47236,1.65430787879992,8
"29-Sep",3.379271,8.437419,8.362187,8.093043,7.460421,8.563542,8.450729,6.9998947368421,NA,3.379271,7.34528943421053,8.227615,7.46831334210526,8.4407465,8.563542,1.74162793017649,8
"30-Sep",3.105625,8.375521,8.228125,7.918193,7.426458,8.031818,7.454271,7.10042105263158,NA,3.105625,7.34494876315789,7.686232,7.20505400657895,8.08089475,8.375521,1.71281590363305,8
"01-Oct",3.342796,8.465625,8.0525,8.015699,7.466771,8.183882,6.877447,6.76052083333333,NA,3.342796,6.84821545833333,7.741235,7.14565510416667,8.0853455,8.465625,1.65549718200239,8
"02-Oct",4.348851,7.160632,7.883229,7.759556,7.294896,7.928404,6.547253,6.85864583333333,NA,4.348851,6.780797625,7.227764,6.97268335416667,7.79047425,7.928404,1.16981691696731,8
"03-Oct",5.581458,7.582917,7.743646,8.134526,7.479158,7.807128,6.264479,6.99520833333333,NA,5.581458,6.812526,7.5310375,7.19856504166667,7.7595165,8.134526,0.870045133913569,8
"04-Oct",5.992396,8.818471,8.050208,6.944271,7.403125,7.643854,6.449158,6.9365625,NA,5.992396,6.814711375,7.173698,7.2797556875,7.7454425,8.818471,0.901312389967657,8
"05-Oct",6.446354,8.000225,8.185806,5.734318,7.011789,7.920682,8.328632,7.136875,NA,5.734318,6.87043025,7.5287785,7.345585125,8.04662025,8.328632,0.925157916437194,8
"06-Oct",6.616146,7.397935,8.639286,5.763636,7.071158,7.899,8.762717,7.7996875,NA,5.763636,6.957405,7.59881125,7.4936956875,8.0840715,8.762717,1.00935644374405,8
"07-Oct",6.612083,8.861684,8.934362,6.657083,7.249375,7.883474,8.628817,7.95431578947368,NA,6.612083,7.101302,7.91889489473684,7.84764922368421,8.68703375,8.934362,0.936108916450524,8
"08-Oct",6.527604,9.381304,8.887176,7.133854,7.188438,8.02,8.308404,7.97404255319149,NA,6.527604,7.174792,7.99702127659574,7.92760281914894,8.453097,9.381304,0.950648632045312,8
"09-Oct",6.278333,9.42913,8.912759,6.993021,7.149271,8.562396,8.336809,7.69666666666667,NA,6.278333,7.1102085,8.01673783333333,7.91979820833333,8.64998675,9.42913,1.07222781435049,8
"10-Oct",5.948437,9.282581,8.765227,7.020645,6.337187,9.151146,8.183789,7.89757894736842,NA,5.948437,6.8497805,8.04068397368421,7.82332386842105,8.86170675,9.282581,1.26960457022506,8
"11-Oct",5.773333,9.297292,7.731818,6.906596,4.541667,9.1775,8.601684,7.74494736842105,NA,4.541667,6.62328025,7.73838268421053,7.47185467105263,8.745638,9.297292,1.66693111161979,8
"12-Oct",6.330312,9.356702,7.459583,6.961563,4.026632,9.089895,7.783085,8.24115789473684,NA,4.026632,6.80375025,7.621334,7.40611623684211,8.45334217105263,9.356702,1.70117818415579,8
"13-Oct",6.141354,9.330208,7.430104,7.069375,3.373684,8.834583,6.867021,8.17770833333333,NA,3.373684,6.68560425,7.2497395,7.15300466666667,8.341927,9.330208,1.85511663254576,8
"14-Oct",6.024271,9.421146,7.153646,7.426667,4.632211,8.69734,7.430316,8.42489583333333,NA,4.632211,6.87130225,7.4284915,7.40131160416667,8.493006875,9.421146,1.53223117650042,8
"15-Oct",5.953542,9.470833,7.294271,7.478333,4.742813,8.617917,7.594255,8.60291666666667,NA,4.742813,6.95908875,7.536294,7.46936008333333,8.60666675,9.470833,1.53008525693974,8
"16-Oct",7.437917,9.597292,7.429579,7.640208,4.290851,8.518842,7.573053,8.83505263157895,NA,4.290851,7.4358325,7.6066305,7.66534932894737,8.59789465789474,9.597292,1.57356559730038,8
"17-Oct",7.679896,9.530938,7.487674,7.763854,3.772115,8.389149,7.524,8.93052083333333,NA,3.772115,7.5149185,7.721875,7.63476835416667,8.52449195833333,9.530938,1.72445523041752,8
"18-Oct",7.224792,9.139462,7.321412,7.636146,8.051698,8.290968,7.369896,8.96926315789474,NA,7.224792,7.357775,7.843922,8.00045464473684,8.46054178947368,9.139462,0.747952254630638,8
"19-Oct",7.222812,9.125543,7.693956,7.715233,8.157396,8.515824,7.691771,9.06308510638298,NA,7.222812,7.69340975,7.9363145,8.14820251329787,8.65263927659574,9.125543,0.695486929781868,8
"20-Oct",7.186667,9.233511,7.86878,7.585417,8.04,8.805946,7.930937,9.06924731182796,NA,7.186667,7.79793925,7.9854685,8.21506316397849,8.87177132795699,9.233511,0.736919152285066,8
"21-Oct",6.915104,9.449167,7.814063,8.116042,7.994063,9.203291,7.817579,9.07568421052632,NA,6.915104,7.8167,8.0550525,8.29812415131579,9.10758590789474,9.449167,0.866224730187804,8
"22-Oct",6.917917,9.325104,7.859167,8.310208,7.911684,9.461667,8.101263,8.94404255319149,NA,6.917917,7.89855475,8.2057355,8.35388156914894,9.03930791489362,9.461667,0.852454483002867,8
"23-Oct",7.245938,9.348958,7.94236,8.569062,8.156813,10.15726,8.184167,8.68829787234043,NA,7.245938,8.10319975,8.3766145,8.53660698404255,8.85346290425532,10.15726,0.894260040639538,8
"24-Oct",7.297813,9.588542,7.754023,8.639681,9.341905,10.12521,8.148511,8.56967391304348,NA,7.297813,8.049889,8.60467745652174,8.68316986413043,9.40356425,10.12521,0.957397565309454,8
"25-Oct",7.710208,9.557917,7.948778,8.78,NA,9.891368,8.682,8.34945054945055,NA,7.710208,8.14911427472527,8.682,8.70281736420722,9.1689585,9.891368,0.798848686272312,7
"26-Oct",7.896526,9.626458,7.881771,8.566818,9.453556,10.18115,8.598632,8.8068085106383,NA,7.881771,8.399245,8.70272025531915,8.87646493882979,9.4967815,10.18115,0.821614050505829,8
"27-Oct",8.004792,9.839688,7.745417,8.990312,9.270737,10.34448,8.546316,8.80075268817204,NA,7.745417,8.410935,8.89553234408602,8.94281183602151,9.41297475,10.34448,0.875856888974027,8
"28-Oct",8.304375,9.904271,7.493542,8.534583,9.370521,10.17146,8.556774,8.97225806451613,NA,7.493542,8.477031,8.76451603225807,8.91347300806452,9.5039585,10.17146,0.881115912121276,8
"29-Oct",8.436042,9.816458,7.601354,8.368542,9.258333,10.45667,8.617263,8.956,NA,7.601354,8.419167,8.7866315,8.93883275,9.39786425,10.45667,0.898150298413794,8
"30-Oct",8.602917,9.697292,7.567083,9.724271,9.355579,10.45274,8.782708,8.96063157894737,NA,7.567083,8.73776025,9.15810528947368,9.14290269736842,9.70403675,10.45274,0.873743736854136,8
"31-Oct",8.560729,9.780729,7.553333,9.629785,9.179574,10.5601,8.911596,9.0709900990099,NA,7.553333,8.82387925,9.12528204950495,9.15585451237624,9.667521,10.5601,0.892561322312779,8
